filepath,label
train\all_coins\2895e89ff2.jpg,all_coins
train\all_coins\a19f00a771.jpg,all_coins
train\all_coins\23560e97ad.jpg,all_coins
train\all_coins\4fe02e46cb.jpg,all_coins
train\all_coins\97e6af6151.jpg,all_coins
train\all_coins\342d14adbd.jpg,all_coins
train\all_coins\4ba1b09981.jpg,all_coins
train\all_coins\8e89dfa19b.jpg,all_coins
train\all_coins\3d315bb61e.jpg,all_coins
train\all_coins\c20d83cdfe.jpg,all_coins
train\all_coins\afed6c9305.jpg,all_coins
train\all_coins\c3ddc33f41.jpg,all_coins
train\all_coins\5edc210162.jpg,all_coins
train\all_coins\f14da4ee62.jpg,all_coins
train\all_coins\44e195e1ef.jpg,all_coins
train\all_coins\0992f9217f.jpg,all_coins
train\all_coins\566b1031a8.jpg,all_coins
train\all_coins\0391d1cd81.jpg,all_coins
train\all_coins\e7047cebbb.jpg,all_coins
train\all_coins\bd7c825ab5.jpg,all_coins
train\all_coins\16f46adcc2.jpg,all_coins
train\all_coins\898beeed4c.jpg,all_coins
train\all_coins\cb4769d1a9.jpg,all_coins
train\all_coins\c0ac04a0cf.jpg,all_coins
train\all_coins\d339767881.jpg,all_coins
train\all_coins\31357b26f3.jpg,all_coins
train\all_coins\7ce16206bb.jpg,all_coins
train\all_coins\025c8579f0.jpg,all_coins
train\all_coins\72d0dbe5f5.jpg,all_coins
train\all_coins\afc5895108.jpg,all_coins
train\all_coins\ecf7752465.jpg,all_coins
train\all_coins\028ca794e7.jpg,all_coins
train\all_coins\0c0f693a3e.jpg,all_coins
train\all_coins\7779953784.jpg,all_coins
train\all_coins\321f79f6bb.jpg,all_coins
train\all_coins\e48a9d76fa.jpg,all_coins
train\all_coins\b61d911828.jpg,all_coins
train\all_coins\87f4bed37f.jpg,all_coins
train\all_coins\4464e8c6c9.jpg,all_coins
train\all_coins\3613533eef.jpg,all_coins
train\all_coins\980bc77535.jpg,all_coins
train\all_coins\6c8ccc2bdc.jpg,all_coins
train\all_coins\94b5bdb199.jpg,all_coins
train\all_coins\06de4d46b4.jpg,all_coins
train\all_coins\be037b359a.jpg,all_coins
train\all_coins\06dbf139bd.jpg,all_coins
train\all_coins\078aaee7f6.jpg,all_coins
train\all_coins\2c8f0e58fb.jpg,all_coins
train\all_coins\9ab6493bdc.jpg,all_coins
train\all_coins\9bdccee820.jpg,all_coins
train\all_coins\569a5a3984.jpg,all_coins
train\all_coins\7c3720e174.jpg,all_coins
train\all_coins\c36182ac9a.jpg,all_coins
train\all_coins\4e95f6db6a.jpg,all_coins
train\all_coins\d4a5b2ad56.jpg,all_coins
train\all_coins\4e9e203a40.jpg,all_coins
train\all_coins\6bf4f833a4.jpg,all_coins
train\all_coins\0c7067ece2.jpg,all_coins
train\all_coins\42a0da06b7.jpg,all_coins
train\all_coins\dc76e7bc74.jpg,all_coins
train\all_coins\9e575d70ea.jpg,all_coins
train\all_coins\4359d7bf90.jpg,all_coins
train\all_coins\01207e3d7e.jpg,all_coins
train\all_coins\d0a3c1f8d3.jpg,all_coins
train\all_coins\79eb826b40.jpg,all_coins
train\all_coins\e982d8d424.jpg,all_coins
train\all_coins\2bf5e82e5a.jpg,all_coins
train\all_coins\6d4d37ae2c.jpg,all_coins
train\all_coins\98e915fe15.jpg,all_coins
train\all_coins\8605748432.jpg,all_coins
train\all_coins\6d2e7e9448.jpg,all_coins
train\all_coins\c13910bc18.jpg,all_coins
train\all_coins\d3a549a4ac.jpg,all_coins
train\all_coins\f5fd0e7e9b.jpg,all_coins
train\all_coins\24699d577c.jpg,all_coins
train\all_coins\bb8b54822f.jpg,all_coins
train\all_coins\bc673941fb.jpg,all_coins
train\all_coins\50e7fe98b7.jpg,all_coins
train\all_coins\3731e4b26c.jpg,all_coins
train\all_coins\ad43774456.jpg,all_coins
train\all_coins\85e4b42fb6.jpg,all_coins
train\all_coins\4e47138c7e.jpg,all_coins
train\all_coins\b2ff113277.jpg,all_coins
train\all_coins\a5faa8e072.jpg,all_coins
train\all_coins\50797d435f.jpg,all_coins
train\all_coins\1573c64a86.jpg,all_coins
train\all_coins\9082197e8c.jpg,all_coins
train\all_coins\d87fde36bf.jpg,all_coins
train\all_coins\e58d420bba.jpg,all_coins
train\all_coins\782058a969.jpg,all_coins
train\all_coins\44cf53bcde.jpg,all_coins
train\all_coins\716dcf2d66.jpg,all_coins
train\all_coins\f8cc6f7201.jpg,all_coins
train\all_coins\35f856e199.jpg,all_coins
train\all_coins\868bb275c3.jpg,all_coins
train\all_coins\962d332c3c.jpg,all_coins
train\all_coins\419d2d60c3.jpg,all_coins
train\all_coins\a61fb409e8.jpg,all_coins
train\all_coins\6da8539078.jpg,all_coins
train\all_coins\8c7c691333.jpg,all_coins
train\all_coins\b490ad931a.jpg,all_coins
train\all_coins\a15f18c804.jpg,all_coins
train\all_coins\670dc0a72f.jpg,all_coins
train\all_coins\b36a35b1cf.jpg,all_coins
train\all_coins\abd33e40b9.jpg,all_coins
train\all_coins\2564ee861d.jpg,all_coins
train\all_coins\990db901a0.jpg,all_coins
train\all_coins\cb1e6a6967.jpg,all_coins
train\all_coins\5189314af4.jpg,all_coins
train\all_coins\e893dcbca8.jpg,all_coins
train\all_coins\444107b8c9.jpg,all_coins
train\all_coins\908f1fc748.jpg,all_coins
train\all_coins\97868f7555.jpg,all_coins
train\all_coins\87a1c3b8af.jpg,all_coins
train\all_coins\bd5e683f30.jpg,all_coins
train\all_coins\7c13cfe7f1.jpg,all_coins
train\all_coins\4a4bd0f725.jpg,all_coins
train\all_coins\d74bf34efc.jpg,all_coins
train\all_coins\207092513f.jpg,all_coins
train\all_coins\e5498c038d.jpg,all_coins
train\all_coins\26fb204f51.jpg,all_coins
train\all_coins\3c64dca0b6.jpg,all_coins
train\all_coins\c45fe65ea2.jpg,all_coins
train\all_coins\6dc3173bf2.jpg,all_coins
train\all_coins\02e080206f.jpg,all_coins
train\all_coins\7262427976.jpg,all_coins
train\all_coins\21ad309395.jpg,all_coins
train\all_coins\0bcb8457d5.jpg,all_coins
train\all_coins\563563f749.jpg,all_coins
train\all_coins\ecb30e89ac.jpg,all_coins
train\all_coins\48fa79d7ae.jpg,all_coins
train\all_coins\a188d78b85.jpg,all_coins
train\all_coins\85db729dc0.jpg,all_coins
train\all_coins\b05183cf6c.jpg,all_coins
train\all_coins\f35a790bd0.jpg,all_coins
train\all_coins\31e4b72f06.jpg,all_coins
train\all_coins\14080c2080.jpg,all_coins
train\all_coins\47b061170d.jpg,all_coins
train\all_coins\3fa08174b0.jpg,all_coins
train\all_coins\5f8a04cee8.jpg,all_coins
train\all_coins\61958bd2dd.jpg,all_coins
train\all_coins\2fc068f84e.jpg,all_coins
train\all_coins\612e80df45.jpg,all_coins
train\all_coins\7e122f5d1f.jpg,all_coins
train\all_coins\c2d0445950.jpg,all_coins
train\all_coins\bdddd66dc5.jpg,all_coins
train\all_coins\1e5109de3a.jpg,all_coins
train\all_coins\e036bb9f36.jpg,all_coins
train\all_coins\b22b3d9c4e.jpg,all_coins
train\all_coins\4c0fee8a9c.jpg,all_coins
train\china_coins\3860162c9e.jpg,china_coins
train\china_coins\c369861356.jpg,china_coins
train\china_coins\12582fe8f1.jpg,china_coins
train\china_coins\d2826b0621.jpg,china_coins
train\china_coins\a9565e78a0.jpg,china_coins
train\china_coins\b060c5f004.jpg,china_coins
train\china_coins\0ee766febf.jpg,china_coins
train\china_coins\e65a8ba771.jpg,china_coins
train\china_coins\4ea723e6ff.jpg,china_coins
train\china_coins\32902465b4.jpg,china_coins
train\china_coins\8f490a1cb2.jpg,china_coins
train\china_coins\485ea6d538.jpg,china_coins
train\china_coins\6b8c2b21c0.jpg,china_coins
train\china_coins\61bba65828.jpg,china_coins
train\china_coins\f8b98b3770.jpg,china_coins
train\china_coins\292ab178e0.jpg,china_coins
train\china_coins\38427303fa.jpg,china_coins
train\china_coins\cf5e1b646f.jpg,china_coins
train\china_coins\af5d14b25e.jpg,china_coins
train\china_coins\7bfa2573b2.jpg,china_coins
train\china_coins\063bece950.jpg,china_coins
train\china_coins\8a150b4bb6.jpg,china_coins
train\china_coins\e8e593aaf7.jpg,china_coins
train\china_coins\ad447361a9.jpg,china_coins
train\china_coins\a4c0e40756.jpg,china_coins
train\china_coins\e06fa59b89.jpg,china_coins
train\china_coins\c676cf0fbd.jpg,china_coins
train\china_coins\1da0bb4e1c.jpg,china_coins
train\china_coins\d22d3b86fb.jpg,china_coins
train\china_coins\df7dd61872.jpg,china_coins
train\china_coins\f8acdd9a70.jpg,china_coins
train\china_coins\fa9c3936ca.jpg,china_coins
train\china_coins\43a864822a.jpg,china_coins
train\china_coins\f3648f78ff.jpg,china_coins
train\china_coins\68e8937afd.jpg,china_coins
train\china_coins\cbc82699fb.jpg,china_coins
train\china_coins\b341aa5276.jpg,china_coins
train\china_coins\b878cfb624.jpg,china_coins
train\china_coins\4ac89e7716.jpg,china_coins
train\china_coins\dce60ddc91.jpg,china_coins
train\china_coins\3c07d2187c.jpg,china_coins
train\china_coins\ceee6d3d6b.jpg,china_coins
train\china_coins\b63e7b4535.jpg,china_coins
train\china_coins\f17fb74818.jpg,china_coins
train\china_coins\6f58f116fe.jpg,china_coins
train\china_coins\3636f26c6e.jpg,china_coins
train\china_coins\351727081d.jpg,china_coins
train\china_coins\a6453129da.jpg,china_coins
train\china_coins\388d452d4d.jpg,china_coins
train\china_coins\d65f9cda42.jpg,china_coins
train\china_coins\2773217ea5.jpg,china_coins
train\china_coins\6df4492ed9.jpg,china_coins
train\china_coins\f1ea00e156.jpg,china_coins
train\china_coins\82ace919e3.jpg,china_coins
train\china_coins\ad4356b692.jpg,china_coins
train\china_coins\ca2e2cbe03.jpg,china_coins
train\china_coins\1eff34a51a.jpg,china_coins
train\china_coins\d06b667677.jpg,china_coins
train\china_coins\5d77678548.jpg,china_coins
train\china_coins\2ed1c4e5ab.jpg,china_coins
train\china_coins\e078be6624.jpg,china_coins
train\china_coins\30824c01c0.jpg,china_coins
train\china_coins\06da1e60cc.jpg,china_coins
train\china_coins\c6e4d2fe2a.jpg,china_coins
train\china_coins\59d46de1dc.jpg,china_coins
train\china_coins\f687c34368.jpg,china_coins
train\china_coins\0d0ac3a88a.jpg,china_coins
train\china_coins\6b8399d4e5.jpg,china_coins
train\china_coins\f40e58aa3d.jpg,china_coins
train\china_coins\33f92a7c9a.jpg,china_coins
train\china_coins\fff51a7712.jpg,china_coins
train\china_coins\3e8ad3f0ec.jpg,china_coins
train\china_coins\7867fe26a2.jpg,china_coins
train\china_coins\db15b2c8d8.jpg,china_coins
train\china_coins\68af551064.jpg,china_coins
train\china_coins\2413c6b7c1.jpg,china_coins
train\china_coins\ed913853c6.jpg,china_coins
train\china_coins\9ca0f7f4e0.jpg,china_coins
train\china_coins\5894b2ca14.jpg,china_coins
train\china_coins\7d4847e142.jpg,china_coins
train\china_coins\7f19658cb5.jpg,china_coins
train\china_coins\4740a8da05.jpg,china_coins
train\china_coins\b548346734.jpg,china_coins
train\china_coins\6a5cbbe466.jpg,china_coins
train\china_coins\fc9f88fcae.jpg,china_coins
train\china_coins\a0d4e8c1e9.jpg,china_coins
train\china_coins\bdbe11a5e4.jpg,china_coins
train\china_coins\2e9f5856fe.jpg,china_coins
train\china_coins\5e0d26b26a.jpg,china_coins
train\china_coins\b72e5fc7c9.jpg,china_coins
train\china_coins\41c06915ee.jpg,china_coins
train\china_coins\2c1e478f4f.jpg,china_coins
train\china_coins\d5dafe49a4.jpg,china_coins
train\china_coins\ce20bfdf54.jpg,china_coins
train\china_coins\64fd5f818e.jpg,china_coins
train\china_coins\f2595d8215.jpg,china_coins
train\china_coins\c09fcda175.jpg,china_coins
train\china_coins\0e718de582.jpg,china_coins
train\china_coins\57e8cf92e6.jpg,china_coins
train\china_coins\9aa6ef2960.jpg,china_coins
train\china_coins\1b53e51ae8.jpg,china_coins
train\china_coins\b098debff0.jpg,china_coins
train\china_coins\57c436585d.jpg,china_coins
train\china_coins\4edb61a2ec.jpg,china_coins
train\china_coins\a27ca1645f.jpg,china_coins
train\china_coins\0871f059de.jpg,china_coins
train\china_coins\9f6f222c39.jpg,china_coins
train\china_coins\35725ca007.jpg,china_coins
train\china_coins\821697aab4.jpg,china_coins
train\china_coins\c8449b8233.jpg,china_coins
train\china_coins\5c7495d3ca.jpg,china_coins
train\china_coins\8177a8bbbc.jpg,china_coins
train\china_coins\5fa89151aa.jpg,china_coins
train\china_coins\08d2b6eda9.jpg,china_coins
train\china_coins\f47ea6bddc.jpg,china_coins
train\china_coins\332dd30533.jpg,china_coins
train\china_coins\e1c229607f.jpg,china_coins
train\china_coins\c8d78bfbf8.jpg,china_coins
train\china_coins\e7355ec38d.jpg,china_coins
train\china_coins\7ea2d9c5ee.jpg,china_coins
train\china_coins\f258182de9.jpg,china_coins
train\china_coins\cb18e4d40f.jpg,china_coins
train\china_coins\8c4e113edf.jpg,china_coins
train\china_coins\800af58787.jpg,china_coins
train\china_coins\aaeb6a019c.jpg,china_coins
train\china_coins\7dc2f1ef79.jpg,china_coins
train\china_coins\b8ecfd72d9.jpg,china_coins
train\china_coins\5e4d27082b.jpg,china_coins
train\china_coins\a5c303f31d.jpg,china_coins
train\china_coins\58c221aed6.jpg,china_coins
train\china_coins\8b85da2bab.jpg,china_coins
train\china_coins\02e699f79d.jpg,china_coins
train\china_coins\8727a19438.jpg,china_coins
train\china_coins\e8bc6cdd77.jpg,china_coins
train\china_coins\d6fc31e378.jpg,china_coins
train\china_coins\93eebadc76.jpg,china_coins
train\china_coins\ee3474e6bf.jpg,china_coins
train\china_coins\ad17e4b2ab.jpg,china_coins
train\china_coins\eeddd06ffd.jpg,china_coins
train\china_coins\e5214c6883.jpg,china_coins
train\china_coins\366afbecee.jpg,china_coins
train\china_coins\f14b57029f.jpg,china_coins
train\china_coins\208133d902.jpg,china_coins
train\china_coins\0652e0440f.jpg,china_coins
train\china_coins\ee12218dbf.jpg,china_coins
train\china_coins\1175dc22b9.jpg,china_coins
train\china_coins\d9680d927b.jpg,china_coins
train\euro_coins\a36be81d4b.jpg,euro_coins
train\euro_coins\48e4da63c8.jpg,euro_coins
train\euro_coins\e5e9ac7e37.jpg,euro_coins
train\euro_coins\4b5ac94af2.jpg,euro_coins
train\euro_coins\740ead22ad.jpg,euro_coins
train\euro_coins\0a3ee5dced.jpg,euro_coins
train\euro_coins\87616b0677.jpg,euro_coins
train\euro_coins\47808cb23d.jpg,euro_coins
train\euro_coins\1589adc838.jpg,euro_coins
train\euro_coins\9886144124.jpg,euro_coins
train\euro_coins\016bad69c2.jpg,euro_coins
train\euro_coins\0fb0786654.jpg,euro_coins
train\euro_coins\0af89feef6.jpg,euro_coins
train\euro_coins\5900a5dd22.jpg,euro_coins
train\euro_coins\026b6bf6ed.jpg,euro_coins
train\euro_coins\f3c81d3d71.jpg,euro_coins
train\euro_coins\81df542fcf.jpg,euro_coins
train\euro_coins\01cf2502d5.jpg,euro_coins
train\euro_coins\3e5f22cfa7.jpg,euro_coins
train\euro_coins\82abf4f0cf.jpg,euro_coins
train\euro_coins\66bbd666dc.jpg,euro_coins
train\euro_coins\dbc661538d.jpg,euro_coins
train\euro_coins\2fadfde717.jpg,euro_coins
train\euro_coins\8f8a4cc0e0.jpg,euro_coins
train\euro_coins\9318896c0e.jpg,euro_coins
train\euro_coins\b3f185cadd.jpg,euro_coins
train\euro_coins\984bf7c337.jpg,euro_coins
train\euro_coins\df18c3f97a.jpg,euro_coins
train\euro_coins\bb0bdcd84d.jpg,euro_coins
train\euro_coins\514aa4b868.jpg,euro_coins
train\euro_coins\2e42a8a028.jpg,euro_coins
train\euro_coins\2712332a36.jpg,euro_coins
train\euro_coins\d1fc6b23e9.jpg,euro_coins
train\euro_coins\91c23b8603.jpg,euro_coins
train\euro_coins\9153613467.jpg,euro_coins
train\euro_coins\557dc9082e.jpg,euro_coins
train\euro_coins\f7b6272497.jpg,euro_coins
train\euro_coins\cdb414f9d4.jpg,euro_coins
train\euro_coins\104375946f.jpg,euro_coins
train\euro_coins\7d87a3263f.jpg,euro_coins
train\euro_coins\35a1c45ae0.jpg,euro_coins
train\euro_coins\ff958ed226.jpg,euro_coins
train\euro_coins\3cef209534.jpg,euro_coins
train\euro_coins\048646a4b1.jpg,euro_coins
train\euro_coins\ef0b785d09.jpg,euro_coins
train\euro_coins\bc4a18ff1f.jpg,euro_coins
train\euro_coins\0d51d01a3a.jpg,euro_coins
train\euro_coins\27458f671e.jpg,euro_coins
train\euro_coins\979972ef4b.jpg,euro_coins
train\euro_coins\fb8593d04c.jpg,euro_coins
train\euro_coins\26d34d1fe4.jpg,euro_coins
train\euro_coins\2f1a258c63.jpg,euro_coins
train\euro_coins\bbcf703dd5.jpg,euro_coins
train\euro_coins\625ce723b7.jpg,euro_coins
train\euro_coins\0bececd88b.jpg,euro_coins
train\euro_coins\fc21d36337.jpg,euro_coins
train\euro_coins\b949c3fb90.jpg,euro_coins
train\euro_coins\caacb13741.jpg,euro_coins
train\euro_coins\70eb01116a.jpg,euro_coins
train\euro_coins\e5913fa2ea.jpg,euro_coins
train\euro_coins\969f9d387e.jpg,euro_coins
train\euro_coins\8a563f72c9.jpg,euro_coins
train\euro_coins\cb3e4b105c.jpg,euro_coins
train\euro_coins\7e1cb4e9f7.jpg,euro_coins
train\euro_coins\76f525973a.jpg,euro_coins
train\euro_coins\c0bd7b83a4.jpg,euro_coins
train\euro_coins\eba230ec7a.jpg,euro_coins
train\euro_coins\dc9f28d4dc.jpg,euro_coins
train\euro_coins\c7211edf6c.jpg,euro_coins
train\euro_coins\8de3e31598.jpg,euro_coins
train\euro_coins\8b1c21c16d.jpg,euro_coins
train\euro_coins\da11147310.jpg,euro_coins
train\euro_coins\b8dc6fd870.jpg,euro_coins
train\euro_coins\6e1ffaa89f.jpg,euro_coins
train\euro_coins\fb74b7a7d6.jpg,euro_coins
train\euro_coins\03b9ef036d.jpg,euro_coins
train\euro_coins\023a9c7804.jpg,euro_coins
train\euro_coins\0e30187668.jpg,euro_coins
train\euro_coins\17879eacc8.jpg,euro_coins
train\euro_coins\1ee845b9ba.jpg,euro_coins
train\euro_coins\e546757803.jpg,euro_coins
train\euro_coins\20ebfe0b4b.jpg,euro_coins
train\euro_coins\ab19a4320a.jpg,euro_coins
train\euro_coins\2df30cff89.jpg,euro_coins
train\euro_coins\b11e29c167.jpg,euro_coins
train\euro_coins\6244ebd2a6.jpg,euro_coins
train\euro_coins\ed1f1c3d14.jpg,euro_coins
train\euro_coins\9ccd8109eb.jpg,euro_coins
train\euro_coins\7ebe8e9cf1.jpg,euro_coins
train\euro_coins\f4f9c6fcb5.jpg,euro_coins
train\euro_coins\984c5c1d65.jpg,euro_coins
train\euro_coins\106a4659be.jpg,euro_coins
train\euro_coins\f627dbdd5e.jpg,euro_coins
train\euro_coins\abc8d5a860.jpg,euro_coins
train\euro_coins\b62375858b.jpg,euro_coins
train\euro_coins\895ca34285.jpg,euro_coins
train\euro_coins\d5381d6c9c.jpg,euro_coins
train\euro_coins\cffb6c6a2a.jpg,euro_coins
train\euro_coins\44d7a5a16f.jpg,euro_coins
train\euro_coins\e3558ac6c5.jpg,euro_coins
train\euro_coins\94ab346047.jpg,euro_coins
train\euro_coins\5bdac203cf.jpg,euro_coins
train\euro_coins\56063bf99f.jpg,euro_coins
train\euro_coins\74b386424e.jpg,euro_coins
train\euro_coins\3f32a19322.jpg,euro_coins
train\euro_coins\ee28731997.jpg,euro_coins
train\euro_coins\274b6c1544.jpg,euro_coins
train\euro_coins\81781e538c.jpg,euro_coins
train\euro_coins\a6fae6992c.jpg,euro_coins
train\euro_coins\7cd846ace8.jpg,euro_coins
train\euro_coins\9012e0cfab.jpg,euro_coins
train\euro_coins\cea64212c1.jpg,euro_coins
train\euro_coins\295da09780.jpg,euro_coins
train\euro_coins\5489ec1fb5.jpg,euro_coins
train\euro_coins\cd01890f6d.jpg,euro_coins
train\euro_coins\11670a5c4e.jpg,euro_coins
train\euro_coins\82cf6b4cc7.jpg,euro_coins
train\euro_coins\704ddd18c6.jpg,euro_coins
train\euro_coins\669b6b8221.jpg,euro_coins
train\euro_coins\ae2f8ba972.jpg,euro_coins
train\euro_coins\df63632db9.jpg,euro_coins
train\euro_coins\f374b15248.jpg,euro_coins
train\euro_coins\174dd15a12.jpg,euro_coins
train\euro_coins\0dc711d21f.jpg,euro_coins
train\euro_coins\5346a5a991.jpg,euro_coins
train\euro_coins\f9eb85647d.jpg,euro_coins
train\euro_coins\c3be73016e.jpg,euro_coins
train\euro_coins\7a5389d5f6.jpg,euro_coins
train\euro_coins\6511355229.jpg,euro_coins
train\euro_coins\eb66218305.jpg,euro_coins
train\euro_coins\61236109ef.jpg,euro_coins
train\euro_coins\953f946a75.jpg,euro_coins
train\euro_coins\59cd7eac39.jpg,euro_coins
train\euro_coins\21284b053f.jpg,euro_coins
train\euro_coins\b54ce1f3de.jpg,euro_coins
train\euro_coins\c9b204ae4f.jpg,euro_coins
train\euro_coins\defe0c372f.jpg,euro_coins
train\euro_coins\f8c8e2d9aa.jpg,euro_coins
train\euro_coins\f63b6856e5.jpg,euro_coins
train\euro_coins\38f5053be4.jpg,euro_coins
train\euro_coins\c086d0fe16.jpg,euro_coins
train\euro_coins\984512355e.jpg,euro_coins
train\euro_coins\0017c3b0e6.jpg,euro_coins
train\euro_coins\b16d25d0f8.jpg,euro_coins
train\euro_coins\0a030b6c5a.jpg,euro_coins
train\euro_coins\4dc75f545a.jpg,euro_coins
train\euro_coins\37abd5b122.jpg,euro_coins
train\euro_coins\aeac0ceaf6.jpg,euro_coins
train\euro_coins\73c5a8a67e.jpg,euro_coins
train\euro_coins\bc0855f439.jpg,euro_coins
train\euro_coins\c25be2222d.jpg,euro_coins
train\euro_coins\b487770510.jpg,euro_coins
train\euro_coins\617ce75a74.jpg,euro_coins
train\euro_coins\67a2b8babd.jpg,euro_coins
train\euro_coins\8110882838.jpg,euro_coins
train\euro_coins\b3939358e4.jpg,euro_coins
train\euro_coins\dde120d0f3.jpg,euro_coins
train\euro_coins\d22531cbc0.jpg,euro_coins
train\euro_coins\4dfdb85e6c.jpg,euro_coins
train\euro_coins\aee6c8e699.jpg,euro_coins
train\euro_coins\e29dbcfa9a.jpg,euro_coins
train\indian_coins\10ceb841f5.jpg,indian_coins
train\indian_coins\a2a8bf1d72.jpg,indian_coins
train\indian_coins\988e13d62f.jpg,indian_coins
train\indian_coins\a4af3947fc.jpg,indian_coins
train\indian_coins\96ef4a2baf.jpg,indian_coins
train\indian_coins\982f3231be.jpg,indian_coins
train\indian_coins\9c0b6f75fe.jpg,indian_coins
train\indian_coins\e0ddbd63db.jpg,indian_coins
train\indian_coins\a879e697d1.jpg,indian_coins
train\indian_coins\15e76610ee.jpg,indian_coins
train\indian_coins\e099af3e16.jpg,indian_coins
train\indian_coins\b2ff113277.jpg,indian_coins
train\indian_coins\e700c21c92.jpg,indian_coins
train\indian_coins\b172dc4655.jpg,indian_coins
train\indian_coins\be274debd7.jpg,indian_coins
train\indian_coins\63f9036b39.jpg,indian_coins
train\indian_coins\3d4737e9b4.jpg,indian_coins
train\indian_coins\3775ab6b91.jpg,indian_coins
train\indian_coins\561c0108ca.jpg,indian_coins
train\indian_coins\6c631c45a6.jpg,indian_coins
train\indian_coins\1417562e39.jpg,indian_coins
train\indian_coins\8d4c55ac86.jpg,indian_coins
train\indian_coins\17969bea5f.jpg,indian_coins
train\indian_coins\232c8dcda3.jpg,indian_coins
train\indian_coins\887705c685.jpg,indian_coins
train\indian_coins\28740b882f.jpg,indian_coins
train\indian_coins\a31ee22c9d.jpg,indian_coins
train\indian_coins\86c2457cf4.jpg,indian_coins
train\indian_coins\0382b12586.jpg,indian_coins
train\indian_coins\4842b5f303.jpg,indian_coins
train\indian_coins\d5d11545c4.jpg,indian_coins
train\indian_coins\17da18bd61.jpg,indian_coins
train\indian_coins\70b921d69e.jpg,indian_coins
train\indian_coins\1a01d5b63d.jpg,indian_coins
train\indian_coins\66d423deb6.jpg,indian_coins
train\indian_coins\cf600fc42a.jpg,indian_coins
train\indian_coins\f8192fb98a.jpg,indian_coins
train\indian_coins\172397185b.jpg,indian_coins
train\indian_coins\8192dea1a3.jpg,indian_coins
train\indian_coins\75f86edf64.jpg,indian_coins
train\indian_coins\b7a84e20f6.jpg,indian_coins
train\indian_coins\1ea5f31105.jpg,indian_coins
train\indian_coins\021c3a3b47.jpg,indian_coins
train\indian_coins\96e18862f6.jpg,indian_coins
train\indian_coins\8874cf66b0.jpg,indian_coins
train\indian_coins\74bd09ba9c.jpg,indian_coins
train\indian_coins\804eb6542a.jpg,indian_coins
train\indian_coins\a57ec6c2ef.jpg,indian_coins
train\indian_coins\af6072b73e.jpg,indian_coins
train\indian_coins\136963fb7a.jpg,indian_coins
train\indian_coins\61c87eead2.jpg,indian_coins
train\indian_coins\b2d20bb7a7.jpg,indian_coins
train\indian_coins\d9eb2a060c.jpg,indian_coins
train\indian_coins\4fb267b918.jpg,indian_coins
train\indian_coins\d55b182038.jpg,indian_coins
train\indian_coins\72289e6488.jpg,indian_coins
train\indian_coins\ce2ceddbd7.jpg,indian_coins
train\indian_coins\8f5fcba1e0.jpg,indian_coins
train\indian_coins\bd73b9a957.jpg,indian_coins
train\indian_coins\162d62e024.jpg,indian_coins
train\indian_coins\97d1fda139.jpg,indian_coins
train\indian_coins\91e83a53ca.jpg,indian_coins
train\indian_coins\22cd8a3f7e.jpg,indian_coins
train\indian_coins\e58d420bba.jpg,indian_coins
train\indian_coins\f4869667c1.jpg,indian_coins
train\indian_coins\d14e3c74d8.jpg,indian_coins
train\indian_coins\20b841ebbb.jpg,indian_coins
train\indian_coins\0e9ef4cff8.jpg,indian_coins
train\indian_coins\8458667db4.jpg,indian_coins
train\indian_coins\2993f8fbec.jpg,indian_coins
train\indian_coins\bc9f23081e.jpg,indian_coins
train\indian_coins\630daf0421.jpg,indian_coins
train\indian_coins\459f0a2d6e.jpg,indian_coins
train\indian_coins\c45fe65ea2.jpg,indian_coins
train\indian_coins\980bc77535.jpg,indian_coins
train\indian_coins\bc0d47a86c.jpg,indian_coins
train\indian_coins\b75b26403f.jpg,indian_coins
train\indian_coins\1594ea1ed8.jpg,indian_coins
train\indian_coins\85db729dc0.jpg,indian_coins
train\indian_coins\1480327083.jpg,indian_coins
train\indian_coins\452ab80e21.jpg,indian_coins
train\indian_coins\b7cd0d607c.jpg,indian_coins
train\indian_coins\99c4a4e23f.jpg,indian_coins
train\indian_coins\95d8ad5e52.jpg,indian_coins
train\indian_coins\49e2aa77e1.jpg,indian_coins
train\indian_coins\414caf879b.jpg,indian_coins
train\indian_coins\e71f45171e.jpg,indian_coins
train\indian_coins\2d1f1f8877.jpg,indian_coins
train\indian_coins\66f5173202.jpg,indian_coins
train\indian_coins\beda23e801.jpg,indian_coins
train\indian_coins\0ade544ba4.jpg,indian_coins
train\indian_coins\3a3d630d6a.jpg,indian_coins
train\indian_coins\fb5d96bbe4.jpg,indian_coins
train\indian_coins\b402eb5236.jpg,indian_coins
train\indian_coins\50797d435f.jpg,indian_coins
train\indian_coins\34e17c641a.jpg,indian_coins
train\indian_coins\ee751a88fd.jpg,indian_coins
train\indian_coins\57ced878ff.jpg,indian_coins
train\indian_coins\f88bad54b1.jpg,indian_coins
train\indian_coins\e5fc4d83a1.jpg,indian_coins
train\indian_coins\6da8539078.jpg,indian_coins
train\indian_coins\25b604700f.jpg,indian_coins
train\indian_coins\76b061ea7b.jpg,indian_coins
train\indian_coins\a59230ef5b.jpg,indian_coins
train\indian_coins\9afbc406cb.jpg,indian_coins
train\indian_coins\1a7b932da6.jpg,indian_coins
train\indian_coins\6447c89e59.jpg,indian_coins
train\indian_coins\f8b885cd3d.jpg,indian_coins
train\indian_coins\6e069dcbca.jpg,indian_coins
train\indian_coins\598bca2737.jpg,indian_coins
train\indian_coins\0b3270afd8.jpg,indian_coins
train\indian_coins\16ae4f5a08.jpg,indian_coins
train\indian_coins\70a3f30798.jpg,indian_coins
train\indian_coins\3fa08174b0.jpg,indian_coins
train\indian_coins\3b10038d77.jpg,indian_coins
train\indian_coins\b2b0e37a1b.jpg,indian_coins
train\indian_coins\586763341c.jpg,indian_coins
train\indian_coins\ecb30e89ac.jpg,indian_coins
train\indian_coins\bd42aaf8a7.jpg,indian_coins
train\indian_coins\047ee0cc29.jpg,indian_coins
train\indian_coins\594019de84.jpg,indian_coins
train\indian_coins\a7fcca49c4.jpg,indian_coins
train\indian_coins\e311827f78.jpg,indian_coins
train\indian_coins\95a153ed47.jpg,indian_coins
train\indian_coins\acb7a41601.jpg,indian_coins
train\indian_coins\fd8e81d362.jpg,indian_coins
train\indian_coins\d477f58eb4.jpg,indian_coins
train\indian_coins\9ab2063425.jpg,indian_coins
train\indian_coins\cd4894b02c.jpg,indian_coins
train\indian_coins\7234e2c3f7.jpg,indian_coins
train\indian_coins\4c4bb86d69.jpg,indian_coins
train\indian_coins\f44f8f383c.jpg,indian_coins
train\indian_coins\42bab70b6a.jpg,indian_coins
train\indian_coins\19c3d0c935.jpg,indian_coins
train\indian_coins\94ee21f982.jpg,indian_coins
train\indian_coins\ca6b31ec93.jpg,indian_coins
train\indian_coins\48dc011cd0.jpg,indian_coins
train\indian_coins\2841ae3c77.jpg,indian_coins
train\indian_coins\f3035e00dd.jpg,indian_coins
train\indian_coins\40fd44af07.jpg,indian_coins
train\indian_coins\4a18c1eb4b.jpg,indian_coins
train\indian_coins\d5276b3a80.jpg,indian_coins
train\indian_coins\0d4006daa4.jpg,indian_coins
train\indian_coins\13f2c1dfdf.jpg,indian_coins
train\indian_coins\443a17b065.jpg,indian_coins
train\indian_coins\6f19fc67f9.jpg,indian_coins
train\indian_coins\105203c1fa.jpg,indian_coins
train\indian_coins\fa6cf5fff5.jpg,indian_coins
train\indian_coins\05f2e89a70.jpg,indian_coins
train\indian_coins\939e9507f7.jpg,indian_coins
train\indian_coins\15711b4e24.jpg,indian_coins
train\indian_coins\4a77e5b52b.jpg,indian_coins
train\indian_coins\f4c3cc518a.jpg,indian_coins
train\indian_coins\570b52d6f3.jpg,indian_coins
train\peso_coins\c153cb4f57.jpg,peso_coins
train\peso_coins\221321b870.jpg,peso_coins
train\peso_coins\243838442c.jpg,peso_coins
train\peso_coins\382e9c61d2.jpg,peso_coins
train\peso_coins\f0d1f625a3.jpg,peso_coins
train\peso_coins\f93929818f.jpg,peso_coins
train\peso_coins\9b73f4da4c.jpg,peso_coins
train\peso_coins\6616a6eced.jpg,peso_coins
train\peso_coins\ea879277ec.jpg,peso_coins
train\peso_coins\1056ba9959.jpg,peso_coins
train\peso_coins\0e1e77c1f7.jpg,peso_coins
train\peso_coins\6c67bcfc1c.jpg,peso_coins
train\peso_coins\50e957fd57.jpg,peso_coins
train\peso_coins\7f8d8ba579.jpg,peso_coins
train\peso_coins\6bc08a3b47.jpg,peso_coins
train\peso_coins\3cea17a50a.jpg,peso_coins
train\peso_coins\4a00c673be.jpg,peso_coins
train\peso_coins\423f759e95.jpg,peso_coins
train\peso_coins\f2457ef7b5.jpg,peso_coins
train\peso_coins\9da70a732b.jpg,peso_coins
train\peso_coins\e75188df16.jpg,peso_coins
train\peso_coins\61666fe63c.jpg,peso_coins
train\peso_coins\d5bb73b271.jpg,peso_coins
train\peso_coins\e34f0afdcc.jpg,peso_coins
train\peso_coins\6af7c46c14.jpg,peso_coins
train\peso_coins\62e09c743a.jpg,peso_coins
train\peso_coins\dfbb7a8b53.jpg,peso_coins
train\peso_coins\a61dea7681.jpg,peso_coins
train\peso_coins\7099043cd4.jpg,peso_coins
train\peso_coins\97b82b3e22.jpg,peso_coins
train\peso_coins\c6aeae0030.jpg,peso_coins
train\peso_coins\bcd60503ea.jpg,peso_coins
train\peso_coins\3ce14ca22d.jpg,peso_coins
train\peso_coins\5f668902ab.jpg,peso_coins
train\peso_coins\30eafce531.jpg,peso_coins
train\peso_coins\85acd68e6b.jpg,peso_coins
train\peso_coins\3ce7a4f8d3.jpg,peso_coins
train\peso_coins\40ec550145.jpg,peso_coins
train\peso_coins\5ea14bb05c.jpg,peso_coins
train\peso_coins\6def3a281a.jpg,peso_coins
train\peso_coins\95dfda47b0.jpg,peso_coins
train\peso_coins\ecd7f82d6a.jpg,peso_coins
train\peso_coins\5fe4f5974e.jpg,peso_coins
train\peso_coins\46a359fa40.jpg,peso_coins
train\peso_coins\169b3b05b2.jpg,peso_coins
train\peso_coins\f511c635db.jpg,peso_coins
train\peso_coins\85e2ffbf5c.jpg,peso_coins
train\peso_coins\8337d848a1.jpg,peso_coins
train\peso_coins\90d8fb7c6b.jpg,peso_coins
train\peso_coins\3ff6d3771e.jpg,peso_coins
train\peso_coins\c9f52a349e.jpg,peso_coins
train\peso_coins\5be6be6e8b.jpg,peso_coins
train\peso_coins\021c452f71.jpg,peso_coins
train\peso_coins\cd822a630c.jpg,peso_coins
train\peso_coins\b078d19f0b.jpg,peso_coins
train\peso_coins\8b14f73c50.jpg,peso_coins
train\peso_coins\d61f49a8b8.jpg,peso_coins
train\peso_coins\d7d814119d.jpg,peso_coins
train\peso_coins\d9c4372483.jpg,peso_coins
train\peso_coins\05f9928de4.jpg,peso_coins
train\peso_coins\5fd721d328.jpg,peso_coins
train\peso_coins\0c0ea30f84.jpg,peso_coins
train\peso_coins\9fade6cd4e.jpg,peso_coins
train\peso_coins\c05014ad16.jpg,peso_coins
train\peso_coins\856297b40c.jpg,peso_coins
train\peso_coins\4a94a53a4d.jpg,peso_coins
train\peso_coins\ad6fa9abd5.jpg,peso_coins
train\peso_coins\5a62670e5a.jpg,peso_coins
train\peso_coins\16257f005f.jpg,peso_coins
train\peso_coins\54471e89b6.jpg,peso_coins
train\peso_coins\76823d4d0b.jpg,peso_coins
train\peso_coins\d2c655e8ff.jpg,peso_coins
train\peso_coins\f76ce6a0e2.jpg,peso_coins
train\peso_coins\a06c57f985.jpg,peso_coins
train\peso_coins\857e443a5c.jpg,peso_coins
train\peso_coins\c76916cc7c.jpg,peso_coins
train\peso_coins\37b79ffb9e.jpg,peso_coins
train\peso_coins\18e5daff24.jpg,peso_coins
train\peso_coins\2c827578ab.jpg,peso_coins
train\peso_coins\62359ef89a.jpg,peso_coins
train\peso_coins\158a65eb45.jpg,peso_coins
train\peso_coins\f7c61a41ed.jpg,peso_coins
train\peso_coins\f57fa52c00.jpg,peso_coins
train\peso_coins\a91987cca2.jpg,peso_coins
train\peso_coins\af48e3a674.jpg,peso_coins
train\peso_coins\995c3f39e3.jpg,peso_coins
train\peso_coins\9f4aa01f35.jpg,peso_coins
train\peso_coins\d74a6ec20c.jpg,peso_coins
train\peso_coins\8f7ce767df.jpg,peso_coins
train\peso_coins\f24cac2291.jpg,peso_coins
train\peso_coins\735f701622.jpg,peso_coins
train\peso_coins\7d411f1cfd.jpg,peso_coins
train\peso_coins\761cbe7363.jpg,peso_coins
train\peso_coins\3936e353b5.jpg,peso_coins
train\peso_coins\d1696b90db.jpg,peso_coins
train\peso_coins\06f933e84d.jpg,peso_coins
train\peso_coins\3ab8b1eafe.jpg,peso_coins
train\peso_coins\5b0f5bc22e.jpg,peso_coins
train\peso_coins\683980f276.jpg,peso_coins
train\peso_coins\729cd49888.jpg,peso_coins
train\peso_coins\baeb9b0746.jpg,peso_coins
train\peso_coins\4c110b3f38.jpg,peso_coins
train\peso_coins\00732eb02f.jpg,peso_coins
train\peso_coins\96646c7500.jpg,peso_coins
train\peso_coins\1100b0c63f.jpg,peso_coins
train\peso_coins\ed2b624ace.jpg,peso_coins
train\peso_coins\2176eb5658.jpg,peso_coins
train\peso_coins\bd853d373d.jpg,peso_coins
train\peso_coins\1d7399cc90.jpg,peso_coins
train\peso_coins\12fab03c12.jpg,peso_coins
train\peso_coins\6dc663a9cc.jpg,peso_coins
train\peso_coins\34df799692.jpg,peso_coins
train\peso_coins\2c6f01e113.jpg,peso_coins
train\peso_coins\6ae1dcd74f.jpg,peso_coins
train\peso_coins\e05db179d0.jpg,peso_coins
train\peso_coins\b5090e860a.jpg,peso_coins
train\peso_coins\13e92cac7b.jpg,peso_coins
train\peso_coins\7e89d91136.jpg,peso_coins
train\peso_coins\68cd8a6671.jpg,peso_coins
train\peso_coins\0f1cb59bc0.jpg,peso_coins
train\peso_coins\6a7cf885b3.jpg,peso_coins
train\peso_coins\f73b77c876.jpg,peso_coins
train\peso_coins\3c1e9ba74e.jpg,peso_coins
train\peso_coins\5116f9eba7.jpg,peso_coins
train\peso_coins\f2fe5f8bd7.jpg,peso_coins
train\peso_coins\97c8c55575.jpg,peso_coins
train\peso_coins\ef0986ac8c.jpg,peso_coins
train\peso_coins\9b0ef17a21.jpg,peso_coins
train\us_coins\f5daf2d933.jpg,us_coins
train\us_coins\979ea8e95e.jpg,us_coins
train\us_coins\33cc06b522.jpg,us_coins
train\us_coins\9c96c89453.jpg,us_coins
train\us_coins\c9507987c9.jpg,us_coins
train\us_coins\0c4a62f358.jpg,us_coins
train\us_coins\fe1a028d45.jpg,us_coins
train\us_coins\0ffd1b4eb3.jpg,us_coins
train\us_coins\bfc5c84cfe.jpg,us_coins
train\us_coins\d7e7cbbc98.jpg,us_coins
train\us_coins\87734b8965.jpg,us_coins
train\us_coins\fd79562e5f.jpg,us_coins
train\us_coins\6e1261a377.jpg,us_coins
train\us_coins\c83aacc770.jpg,us_coins
train\us_coins\c275dac81d.jpg,us_coins
train\us_coins\3ccb8bdeb2.jpg,us_coins
train\us_coins\45df630bd1.jpg,us_coins
train\us_coins\610a22d31c.jpg,us_coins
train\us_coins\9220b16249.jpg,us_coins
train\us_coins\23efa768f5.jpg,us_coins
train\us_coins\f1eb976813.jpg,us_coins
train\us_coins\28f12e9a03.jpg,us_coins
train\us_coins\eac92d0381.jpg,us_coins
train\us_coins\5212ab24ee.jpg,us_coins
train\us_coins\b642fc16e2.jpg,us_coins
train\us_coins\f4aba8a6bd.jpg,us_coins
train\us_coins\a3ccbbb7a8.jpg,us_coins
train\us_coins\39b893788d.jpg,us_coins
train\us_coins\1df106c782.jpg,us_coins
train\us_coins\1b92cbd25d.jpg,us_coins
train\us_coins\cbe4b28451.jpg,us_coins
train\us_coins\1e759db17f.jpg,us_coins
train\us_coins\cdc81c633a.jpg,us_coins
train\us_coins\5c7ebf7a0b.jpg,us_coins
train\us_coins\a5765171bf.jpg,us_coins
train\us_coins\e34a9453ef.jpg,us_coins
train\us_coins\1bb67ad3bf.jpg,us_coins
train\us_coins\3ce90b158f.jpg,us_coins
train\us_coins\fe4fe6f808.jpg,us_coins
train\us_coins\1a1f6fe1c9.jpg,us_coins
train\us_coins\5ad7586100.jpg,us_coins
train\us_coins\60e361b06b.jpg,us_coins
train\us_coins\8c4f098db6.jpg,us_coins
train\us_coins\621a6bc098.jpg,us_coins
train\us_coins\2126ca47ef.jpg,us_coins
train\us_coins\79eb826b40.jpg,us_coins
train\us_coins\3361ddfad9.jpg,us_coins
train\us_coins\658ae71b78.jpg,us_coins
train\us_coins\4c8831cc19.jpg,us_coins
train\us_coins\07dcdd0ac6.jpg,us_coins
train\us_coins\1fa0ef9061.jpg,us_coins
train\us_coins\de596c15f6.jpg,us_coins
train\us_coins\34a00e3178.jpg,us_coins
train\us_coins\116c21aba5.jpg,us_coins
train\us_coins\e5b36a6193.jpg,us_coins
train\us_coins\99f9d25972.jpg,us_coins
train\us_coins\80840fc1bc.jpg,us_coins
train\us_coins\13e96621c2.jpg,us_coins
train\us_coins\6e453ace62.jpg,us_coins
train\us_coins\d954b3bb1c.jpg,us_coins
train\us_coins\042663dd1d.jpg,us_coins
train\us_coins\c86fa6d3b6.jpg,us_coins
train\us_coins\3d47579113.jpg,us_coins
train\us_coins\b37d3960f1.jpg,us_coins
train\us_coins\84e8f68874.jpg,us_coins
train\us_coins\be792d73f8.jpg,us_coins
train\us_coins\667f23ae7b.jpg,us_coins
train\us_coins\0d493d0226.jpg,us_coins
train\us_coins\37cf4e1e95.jpg,us_coins
train\us_coins\3168dbe3cb.jpg,us_coins
train\us_coins\f974a284f4.jpg,us_coins
train\us_coins\828ec179f3.jpg,us_coins
train\us_coins\0cd66055e2.jpg,us_coins
train\us_coins\73be72dca5.jpg,us_coins
train\us_coins\ca589b9f6c.jpg,us_coins
train\us_coins\15d5a9c4a6.jpg,us_coins
train\us_coins\01043cbab3.jpg,us_coins
train\us_coins\e739ee141e.jpg,us_coins
train\us_coins\534dcf1be9.jpg,us_coins
train\us_coins\65be5522ce.jpg,us_coins
train\us_coins\3fd4c0747a.jpg,us_coins
train\us_coins\1015a90947.jpg,us_coins
train\us_coins\f8b3115d77.jpg,us_coins
train\us_coins\b85417809b.jpg,us_coins
train\us_coins\4c85a4fa31.jpg,us_coins
train\us_coins\1429f4f776.jpg,us_coins
train\us_coins\06960162ac.jpg,us_coins
train\us_coins\4be02a3a07.jpg,us_coins
train\us_coins\b325fa361c.jpg,us_coins
train\us_coins\69828182e8.jpg,us_coins
train\us_coins\fa7913c9e1.jpg,us_coins
train\us_coins\8a5bc6a875.jpg,us_coins
train\us_coins\99ccf439da.jpg,us_coins
train\us_coins\781fbd99db.jpg,us_coins
train\us_coins\469f03c9d1.jpg,us_coins
train\us_coins\82a4014ebf.jpg,us_coins
train\us_coins\ebcd9f9c50.jpg,us_coins
train\us_coins\069f877951.jpg,us_coins
train\us_coins\fd3fe718a7.jpg,us_coins
train\us_coins\87180e9bba.jpg,us_coins
train\us_coins\df4312ddd7.jpg,us_coins
train\us_coins\3703338220.jpg,us_coins
train\us_coins\f9246952c5.jpg,us_coins
train\us_coins\da48497fc3.jpg,us_coins
train\us_coins\77463d75de.jpg,us_coins
train\us_coins\1d1f42df01.jpg,us_coins
train\us_coins\2d05273320.jpg,us_coins
train\us_coins\42332e549e.jpg,us_coins
train\us_coins\ca5386b28f.jpg,us_coins
train\us_coins\d5106c4c0d.jpg,us_coins
train\us_coins\851e1f2171.jpg,us_coins
train\us_coins\c6cc165937.jpg,us_coins
train\us_coins\3026b5c71e.jpg,us_coins
train\us_coins\325b48be7d.jpg,us_coins
train\us_coins\ed90b69834.jpg,us_coins
train\us_coins\c179985e9b.jpg,us_coins
train\us_coins\dff31bb1fa.jpg,us_coins
train\us_coins\16b5d76d83.jpg,us_coins
train\us_coins\9bdbb5305f.jpg,us_coins
train\us_coins\cf7c1e37a9.jpg,us_coins
train\us_coins\6ab67a8787.jpg,us_coins
train\yen_coins\182209e67d.jpg,yen_coins
train\yen_coins\813563c984.jpg,yen_coins
train\yen_coins\de96300ee6.jpg,yen_coins
train\yen_coins\7de2627e28.jpg,yen_coins
train\yen_coins\7cfb41bac3.jpg,yen_coins
train\yen_coins\2dbb4104d5.jpg,yen_coins
train\yen_coins\d7a1fe4bdd.jpg,yen_coins
train\yen_coins\d7703d09c3.jpg,yen_coins
train\yen_coins\abcae9339c.jpg,yen_coins
train\yen_coins\1b1676cf44.jpg,yen_coins
train\yen_coins\aeb3f9ea8b.jpg,yen_coins
train\yen_coins\8cdf5272cc.jpg,yen_coins
train\yen_coins\251d54716b.jpg,yen_coins
train\yen_coins\08e75a2e06.jpg,yen_coins
train\yen_coins\93957ef097.jpg,yen_coins
train\yen_coins\de9fd0d9b2.jpg,yen_coins
train\yen_coins\ccca72e391.jpg,yen_coins
train\yen_coins\24bdd6a6de.jpg,yen_coins
train\yen_coins\97122dd108.jpg,yen_coins
train\yen_coins\c6e61445d9.jpg,yen_coins
train\yen_coins\c229d84512.jpg,yen_coins
train\yen_coins\17a0e9bfc9.jpg,yen_coins
train\yen_coins\825e4c1992.jpg,yen_coins
train\yen_coins\12fa6090a9.jpg,yen_coins
train\yen_coins\1f208af312.jpg,yen_coins
train\yen_coins\31cd909cf4.jpg,yen_coins
train\yen_coins\3e32ae667c.jpg,yen_coins
train\yen_coins\5f97c10a98.jpg,yen_coins
train\yen_coins\7870cce3a1.jpg,yen_coins
train\yen_coins\807f5448b5.jpg,yen_coins
train\yen_coins\1dc7bf8b63.jpg,yen_coins
train\yen_coins\1591723965.jpg,yen_coins
train\yen_coins\9a8b11d5b0.jpg,yen_coins
train\yen_coins\475538da33.jpg,yen_coins
train\yen_coins\d0a8b11791.jpg,yen_coins
train\yen_coins\01685f1057.jpg,yen_coins
train\yen_coins\0f89a0e53d.jpg,yen_coins
train\yen_coins\8910105010.jpg,yen_coins
train\yen_coins\b9aafe65d8.jpg,yen_coins
train\yen_coins\7b2fcb5dfc.jpg,yen_coins
train\yen_coins\26d831ac00.jpg,yen_coins
train\yen_coins\af8934a76c.jpg,yen_coins
train\yen_coins\66b057611c.jpg,yen_coins
train\yen_coins\752d671b74.jpg,yen_coins
train\yen_coins\d27830b93a.jpg,yen_coins
train\yen_coins\a97e658d9c.jpg,yen_coins
train\yen_coins\fb5981d5de.jpg,yen_coins
train\yen_coins\1486e9895a.jpg,yen_coins
train\yen_coins\1853ee1be0.jpg,yen_coins
train\yen_coins\8b1da9c908.jpg,yen_coins
train\yen_coins\03e6960b68.jpg,yen_coins
train\yen_coins\66f15463b4.jpg,yen_coins
train\yen_coins\2e6896d8e6.jpg,yen_coins
train\yen_coins\fb6f6573b6.jpg,yen_coins
train\yen_coins\85e785fb3b.jpg,yen_coins
train\yen_coins\e7279b8af6.jpg,yen_coins
train\yen_coins\edad3bceac.jpg,yen_coins
train\yen_coins\839e3d00d2.jpg,yen_coins
train\yen_coins\f09879c4bb.jpg,yen_coins
train\yen_coins\3dd52317fa.jpg,yen_coins
train\yen_coins\a319848121.jpg,yen_coins
train\yen_coins\46b90f1fdc.jpg,yen_coins
train\yen_coins\e71b2ee0b7.jpg,yen_coins
train\yen_coins\fe3d6dfd45.jpg,yen_coins
train\yen_coins\eee24b2250.jpg,yen_coins
train\yen_coins\0971e9de44.jpg,yen_coins
train\yen_coins\32f018be10.jpg,yen_coins
train\yen_coins\89c3283c43.jpg,yen_coins
train\yen_coins\57ea0eb995.jpg,yen_coins
train\yen_coins\33dee6074e.jpg,yen_coins
train\yen_coins\65a4843235.jpg,yen_coins
train\yen_coins\51b0c438d1.jpg,yen_coins
train\yen_coins\f8934b8498.jpg,yen_coins
train\yen_coins\ec10ef3991.jpg,yen_coins
train\yen_coins\5e1ea72c72.jpg,yen_coins
train\yen_coins\e79e1e364c.jpg,yen_coins
train\yen_coins\c5f5b8cc36.jpg,yen_coins
train\yen_coins\910ecde00b.jpg,yen_coins
train\yen_coins\7defd3bdb7.jpg,yen_coins
train\yen_coins\46c10b3462.jpg,yen_coins
train\yen_coins\a7bc8fa98a.jpg,yen_coins
train\yen_coins\5a93f5b090.jpg,yen_coins
train\yen_coins\9743d218ea.jpg,yen_coins
train\yen_coins\9f52d4c146.jpg,yen_coins
train\yen_coins\3c32d6816f.jpg,yen_coins
train\yen_coins\e68ac14389.jpg,yen_coins
train\yen_coins\5b1fe4a5e1.jpg,yen_coins
train\yen_coins\858451585d.jpg,yen_coins
train\yen_coins\e42baf7bc4.jpg,yen_coins
train\yen_coins\39447d2ec9.jpg,yen_coins
train\yen_coins\69babb7349.jpg,yen_coins
train\yen_coins\4979a0b5f7.jpg,yen_coins
train\yen_coins\23a4f6cbd5.jpg,yen_coins
train\yen_coins\d8fdf027a8.jpg,yen_coins
train\yen_coins\6fdedc75bc.jpg,yen_coins
train\yen_coins\46f9620171.jpg,yen_coins
train\yen_coins\77d310fe4f.jpg,yen_coins
train\yen_coins\07be652b52.jpg,yen_coins
train\yen_coins\e2cd21fc2c.jpg,yen_coins
train\yen_coins\1657f7864e.jpg,yen_coins
train\yen_coins\141ba0ed24.jpg,yen_coins
train\yen_coins\3c02c31de1.jpg,yen_coins
train\yen_coins\b4971d4f15.jpg,yen_coins
train\yen_coins\2822887d98.jpg,yen_coins
train\yen_coins\6062dd6aa4.jpg,yen_coins
train\yen_coins\437b494202.jpg,yen_coins
train\yen_coins\8834ee51da.jpg,yen_coins
train\yen_coins\ddc7b6c915.jpg,yen_coins
train\yen_coins\dcfe9717ee.jpg,yen_coins
train\yen_coins\5881e3dd7c.jpg,yen_coins
train\yen_coins\232c6beb27.jpg,yen_coins
train\yen_coins\55d6279c35.jpg,yen_coins
train\yen_coins\2ef0e8e52a.jpg,yen_coins
train\yen_coins\4ed4743387.jpg,yen_coins
train\yen_coins\7f4f7dec71.jpg,yen_coins
train\yen_coins\bdfa9cbd34.jpg,yen_coins
train\yen_coins\8eca38d54b.jpg,yen_coins
train\yen_coins\eadb9b6371.jpg,yen_coins
train\yen_coins\9c14bd0aac.jpg,yen_coins
train\yen_coins\9d80f0cbaf.jpg,yen_coins
train\yen_coins\14021b452a.jpg,yen_coins
train\yen_coins\34129827bc.jpg,yen_coins
train\yen_coins\83dce1fa00.jpg,yen_coins
train\yen_coins\58623c0d30.jpg,yen_coins
train\yen_coins\79a88cbcc1.jpg,yen_coins
train\yen_coins\ce8e1360a1.jpg,yen_coins
train\yen_coins\522a707494.jpg,yen_coins
train\yen_coins\8eb878ba2e.jpg,yen_coins
train\yen_coins\665b1c95bc.jpg,yen_coins
train\yen_coins\f14acc0c42.jpg,yen_coins
train\yen_coins\23c840f179.jpg,yen_coins
train\yen_coins\47bbb23f1a.jpg,yen_coins
train\yen_coins\05db64f4a6.jpg,yen_coins
train\yen_coins\96f736f54f.jpg,yen_coins
train\yen_coins\cd2e240bb3.jpg,yen_coins
train\yen_coins\ffa5e02e21.jpg,yen_coins
train\yen_coins\e16bf3970f.jpg,yen_coins
train\yen_coins\4302480ce8.jpg,yen_coins
train\yen_coins\25bf0c689d.jpg,yen_coins
train\yen_coins\18082376d0.jpg,yen_coins
train\yen_coins\83a8d84b14.jpg,yen_coins
train\yen_coins\2398be4f4e.jpg,yen_coins
train\yen_coins\5b3a1fa09e.jpg,yen_coins
train\yen_coins\b4a9dcae76.jpg,yen_coins
train\yen_coins\ec9c803ca4.jpg,yen_coins
train\yen_coins\47386c894d.jpg,yen_coins
train\yen_coins\3033e880c0.jpg,yen_coins
